<?xml version="1.0" encoding="UTF-8"?>
<addon id="plugin.video.allsp" version="1.0.0" name="South Park via allsp" provider-name="chintogtokh">
    <requires>
        <import addon="xbmc.python" version="2.1.0"/>
    </requires>
    <extension point="xbmc.python.pluginsource" library="default.py">
        <provides>video</provides>
    </extension>
    <extension point="xbmc.addon.metadata">
        <summary>South Park via allsp</summary>
        <description>South Park via allsp</description>
        <platform>all</platform>
    </extension>
</addon>