<?xml version="1.0" encoding="UTF-8"?>
<addon id="plugin.video.mongoltv" version="0.1.1" name="Mongolian TV" provider-name="chintogtokh">
    <requires>
        <import addon="xbmc.python" version="2.1.0"/>
    </requires>
    <extension point="xbmc.python.pluginsource" library="default.py">
        <provides>video</provides>
    </extension>
    <extension point="xbmc.addon.metadata">
        <summary>Live Mongolian TV</summary>
        <description>Live Mongolian TV Channels</description>
        <platform>all</platform>
    </extension>
</addon>